EQUIPO,ID
América de Cali,O6j07bNs
Millonarios,2pF3DvBn
Independiente Medellín,VopEsf8d
Atlético Nacional,0U0BzpUq
Deportivo Cali,vLUzCWxY
Atlético Bucaramanga,7aPzq1fo
Deportes Tolima,7b4cVCni
Independiente Santa Fe,9TPR59yI
Llaneros FC,WjglfOG6
Once Caldas,Tx5b5tsg
Águilas Doradas,JOIAu93P
Internacional de Bogotá,EP7KZd9T
Cúcuta Deportivo,n5VPS7Pi
Fortaleza CEIF,nzG9RehY
Deportivo Pasto,zyx3hufH
Alianza FC,jRoaOacG
Boyacá Chicó FC,bJAsUbVL
Deportivo Pereira,w9qWTYVX
Jaguares de Córdoba,ySVhHepR
Atlético Junior,Ws7HEmHM
